State,Sales,Profit
Virginia,70636.72,18597.9504
Georgia,49095.84,16250.0433
Kentucky,36591.75,11199.6966
Alabama,19510.64,5786.8253
Arkansas,11678.130000000001,4008.6871
Mississippi,10771.34,3172.9762
Louisiana,9217.03,2196.1023
South Carolina,8481.71,1769.0566
Florida,89473.708,-3399.3017
Tennessee,30661.873,-5341.6936000000005
North Carolina,55603.164,-7490.912200000001
