State,Sales,Profit
California,457687.6315,76381.3871
Washington,138641.27,33402.6517
Nevada,16729.102,3316.7659000000003
Utah,11220.056,2546.5335
Montana,5589.352,1833.3285
New Mexico,4783.522,1157.1161
Idaho,4382.486,826.7230999999999
Wyoming,1603.136,100.196
Oregon,17431.15,-1190.4705
Arizona,35282.001000000004,-3427.9246000000003
Colorado,32108.118,-6527.8579
